RMSE,MAE,MAPE,R^2,Adjusted R^2,Cross Val Score (Mean),type,model
0.2768686397664856,0.18845849279048874,1.6933047335277567,0.8774983389340193,0.8772663831260837,0.8755217749442623,Train,linear_regression
0.250245996537134,0.18294347981407505,1.6530080513405405,0.8995179248781139,0.8989449693535415,0.9005130620036871,Test,linear_regression
15517.274477283168,6478.119867556478,7.807059690622708,0.9769678003661811,0.9769241891006023,0.8358232528949836,Train,random_forest
33008.8117410625,15553.88914527126,18.018378426415815,0.9017715952900782,0.9012114903451891,0.8800960582053492,Test,random_forest
39722.40388372986,16715.126121870573,17.261024972356832,0.8490699981241141,0.8487842135051775,0.683938837429733,Train,knn
58067.42031171237,22942.537299338997,21.525239150849895,0.6960218451135982,0.6942885413081162,0.6222874744499423,Test,knn
29633.241728187866,16222.92287791351,21.128879116436078,0.9160031771804275,0.9158441299419525,0.8486077962266008,Train,gradient_boost
34211.40055846133,17169.67431839402,21.060281165100502,0.8944838304543843,0.893882170186127,0.8790151681570011,Test,gradient_boost
